Title,HP,ATK,SPD,DEF,RES
Eleonora,42,37,38,25,24
Thea,37,31,35,31,28
Legendary Claude,41,37,41,23,24
Neimi,39,39,42,21,35
Spring Loki,39,31,34,27,25
Halloween Nowi,34,34,32,20,27
Flame Múspell,40,43,26,41,30
Kamui,44,38,41,36,22
Leif,40,32,38,30,23
Brave Chrom,41,42,42,37,17
Nowi,45,34,27,30,27
Owain,41,32,37,31,22
Nagi,46,37,19,36,41
Ronan,38,34,40,17,42
Michalis,43,34,26,35,19
Young Boyd,50,43,36,31,21
Loki,42,33,35,16,25
Bridal Tiki,42,42,26,40,45
Tine,38,42,42,23,26
Fallen Morgan (M),38,37,17,35,38
Finn,40,34,33,32,18
Spring Bartre,46,40,26,35,25
Fee,37,40,45,26,40
Spring Xander,40,25,28,35,26
Pelleas,43,40,36,21,31
Ash,41,39,27,41,34
Spring Henry,41,37,27,40,23
Spring Sonya,40,42,41,23,20
Brave Gullveig,40,45,47,27,19
Karin,41,37,42,26,31
Halloween Seadall,40,40,46,21,25
Ninja Corrin (M),41,40,38,35,28
Legendary Lilina,39,42,21,16,40
Canas,36,32,29,21,33
Oliver,42,32,20,23,34
Seiðr,39,43,30,17,40
Ranulf,40,30,37,33,17
Scion Lewyn,40,38,40,19,34
Panne,41,29,34,30,23
Summer Leo,37,32,27,16,35
Yune,38,33,27,15,37
Plegian Dorothea,37,38,35,16,26
Rearmed Alfred,40,45,25,43,27
Valentine's Elise,37,43,46,16,27
Brave Claude,42,36,40,23,25
Groom Zelot,41,37,25,39,25
Cain,42,32,32,27,21
Raigh,36,32,29,22,29
Arden,60,36,16,41,16
Kagero,31,35,32,22,28
Summer Ivy,38,46,25,20,44
Marcia,41,37,41,32,26
Summer Tharja,40,45,44,19,20
Syrene,37,39,45,21,41
Young Lyon,38,38,18,34,37
Soiree Reinhardt,38,34,21,27,25
Summer Rhys,44,34,27,21,36
Fernand,45,41,26,32,23
Spring Maria,35,37,40,40,25
Alfonse,43,35,25,32,22
Sothis,41,34,39,32,27
Fallen Hardin,45,34,28,36,32
Legendary Sigurd,41,41,23,37,26
Flame Mordecai,48,43,29,43,24
Oscar,40,33,34,26,21
Thief Cath,39,37,43,21,22
Tana,36,34,36,25,25
Alear (F),40,43,46,32,26
Febail,40,46,45,26,31
Legendary Byleth (F),40,39,43,23,26
Brave Camilla,39,33,37,21,25
Soiree Nephenee,37,35,36,24,25
Legendary Lyn,36,31,36,21,27
Fallen Tiki (Young),45,36,34,37,28
Legendary Robin (F),40,32,35,30,25
Joshua,40,31,35,30,28
Performing Shigure,34,31,29,21,24
Winter Bruno,43,41,38,29,34
Valentine's Soren,37,35,33,14,25
Miranda,38,36,35,21,36
Say'ri,40,35,40,23,34
Valentian Est,35,41,38,25,37
Eremiya,44,32,35,23,27
Clarine,35,25,33,22,29
Fallen Delthea,41,36,33,19,28
Pirate Brigid,41,37,40,30,19
Valentine Faye,43,40,23,35,38
Brave Lysithea,40,40,39,21,25
Tobin,46,31,27,33,26
Kaden,38,32,36,25,25
Mae,35,36,31,16,30
Halloween Ilyana,41,38,23,30,37
Kent,42,37,40,30,24
Summer Claude,41,38,42,25,26
Annand,37,35,39,27,34
Nanna,36,27,34,21,26
Bridal Flavia,41,44,45,31,18
Marisa,46,30,36,30,21
Roy,44,30,31,25,28
Wind Tribe Catria,39,45,45,25,30
Legendary Marth,40,34,36,32,21
Askr,40,43,26,43,31
Valentine's Mist,36,34,34,17,23
Olwen,34,26,34,20,30
Thief Sothe,41,39,41,28,23
Young Tana,40,39,41,29,23
Felix,40,46,46,31,25
Limstella,41,39,23,32,36
Valentine's Henriette,42,40,18,35,40
Galle,46,38,22,38,28
Lene,35,28,35,23,28
Legendary Alm,40,37,37,26,22
Summer Micaiah,38,42,30,16,37
Halloween Dozla,45,38,29,35,27
Fallen Ike,40,35,42,32,23
Dorcas,45,35,23,35,24
Young Lucius,38,45,31,17,47
Ascended Celica,40,43,42,21,25
Spring Bruno,41,30,24,35,14
Nino,33,33,36,19,26
Noah,40,45,45,31,18
Edelgard,41,39,30,37,21
Haar,45,37,25,36,18
Sain,41,42,38,36,18
Tibarn,41,38,31,34,18
Picnic Genny,35,36,24,14,34
Summer Dorothea,38,37,36,16,30
New Year Fáfnir,40,43,39,31,16
Wind Tribe Kagero,43,47,45,20,23
Python,38,32,35,31,20
Wind Tribe Dagr,41,45,46,30,22
Ares,40,36,30,33,18
Velouria,40,35,37,33,23
Brave Ephraim,46,38,27,37,26
Bantu,45,34,28,35,26
Kiragi,40,38,43,37,23
Catherine,43,39,41,30,23
Rearmed Tana,40,45,47,22,23
Ascended Joshua,41,39,43,29,25
Ascended Eir,35,42,45,16,35
Lyn,37,28,37,26,29
Legendary Fae,40,42,28,37,41
New Year Alfonse,41,38,17,35,30
Linhardt,39,34,25,30,38
New Year Laegjarn,38,32,35,35,17
Spring Severa,39,37,40,24,17
Saizo,36,29,34,33,16
New Year Panne,40,41,44,32,21
Summer Ingrid,39,34,42,25,26
Brave Eirika,39,40,42,28,24
Masquerade Eldigan,43,38,26,37,18
Louise,41,37,42,16,36
Ascended Elincia,38,44,45,18,28
Nyna,40,34,41,23,38
Summer Laegjarn,37,34,37,20,21
Pirate Lifis,47,36,40,30,23
Marth,41,31,34,29,23
Roderick,40,31,34,25,24
Seth,37,32,31,32,22
Hoshidan Summer Ryoma,36,32,34,21,17
Halloween Niles,37,34,39,25,29
Clarisse,37,31,34,25,20
Rutger,44,32,39,29,24
Aversa,42,33,34,17,24
Basilio,48,43,33,36,21
Legendary Nanna,40,39,42,27,25
Legendary Byleth (M),40,39,41,25,21
Valentian Catria,41,38,36,27,24
Hostile Springs Camilla,38,33,35,17,28
Winter Nino,40,35,41,22,31
Brave Celica,38,33,39,29,24
Summer Innes,42,33,37,30,20
Summer Cordelia,41,32,38,28,18
Ymir,38,40,26,35,34
Seliph,47,34,24,30,22
Ewan,38,37,33,23,35
Fallen Rhea,46,43,18,40,43
Abel,39,33,32,25,25
Zephiel,55,35,16,38,24
Halloween Sothis,40,36,42,31,34
Fallen Corrin (F),43,35,37,31,27
Eliwood (LA),47,38,32,29,29
Summer Wolt,40,34,34,25,17
Cherche,46,38,25,32,16
Diamant,41,46,36,43,21
Shez (M),40,43,41,37,26
Legendary Seliph,41,41,17,37,26
Letizia,38,40,16,35,34
Melady,41,40,33,41,17
Ninja Camilla,38,43,19,32,40
Shez (F),38,41,42,32,34
Winter Ephraim,45,41,23,36,29
Asbel,40,36,42,21,26
Eitri,37,41,29,30,31
Lilina (LA),34,35,30,20,26
Athena,36,31,38,27,24
Minerva,40,31,33,32,22
Jill,40,39,40,36,17
Ascended Ced,43,45,46,22,26
Adrift Corrin (M),42,35,35,31,24
Dieck,40,40,35,36,25
Soleil,37,38,35,28,24
Fallen Dimitri,40,42,40,38,17
Celica,39,32,33,22,22
Niime,36,42,33,17,43
Xander,44,32,24,37,17
Summer Fiora,40,32,37,26,28
Cynthia,38,32,37,27,29
Sigurd,41,35,32,34,17
Arthur (Genealogy),40,42,41,30,18
Gregor,40,44,37,43,23
Bridal Larum,38,32,40,26,31
Azelle,41,37,39,26,23
Fallen Berkut,40,35,17,35,30
Duo Palla,40,39,31,33,24
Fallen Mareeta,42,33,41,29,23
Winter Black Knight,43,44,44,35,30
Olivia,36,28,33,27,26
Palla,42,31,31,28,26
Céline,37,41,44,17,38
Garon,43,33,22,33,32
Lucina,43,34,36,25,19
Azama,43,21,26,32,25
Lugh,37,35,36,17,31
Brave Corrin (F),42,40,46,37,40
Hinoka (WF),37,32,35,17,29
Kliff,37,30,37,25,28
Ninja Heath,42,43,23,40,30
Shiro,41,35,30,35,22
Valbar,49,35,25,38,26
Winter Mirabilis,39,36,17,34,36
Bridal Cordelia,36,35,35,19,22
Groom Pent,37,33,34,19,21
New Year Velouria,41,38,40,34,23
New Year Kyza,45,39,26,41,30
Ninja Shamir,42,37,40,31,32
Brigand Boss,45,42,35,35,24
Ricken,40,43,39,24,30
New Year Elm,41,40,45,27,31
Caeldori,39,40,44,30,31
Khadein Soren,38,43,34,18,45
Hector,52,36,24,37,19
Arval,40,44,27,23,43
Delthea,33,36,34,13,31
Ninja Corrin (F),38,41,40,23,20
Summer Thórr,40,43,16,30,38
Titania,37,28,34,25,30
Pirate Tibarn,42,41,30,36,18
Masquerade Quan,40,41,20,36,20
Fir,41,25,36,24,31
Flavia,41,40,41,36,23
Tiki (Adult),40,35,23,35,24
Picnic Leo,37,33,21,27,28
Pirate Geese,46,38,35,32,21
Lex,45,36,30,38,19
Valentine's Robin (F),42,41,16,39,42
Gaius,42,29,36,22,19
Young L'Arachel,36,37,38,16,30
Aelfric,43,40,31,20,37
Mathilda,35,29,32,24,34
Mirabilis,38,34,18,32,35
Morgan (M),37,33,34,20,26
Roy (LA),34,35,19,27,30
Fallen Morgan (F),40,39,17,41,35
Spring Triandra,37,43,46,18,18
New Year Azura,37,30,35,22,26
Groom Saul,37,33,37,16,35
Jakob,39,29,31,25,24
Summer Leonie,41,36,39,27,19
Lucia,40,41,45,29,32
Scion Julia,39,42,35,16,35
Legendary Corrin (F),41,38,40,34,29
New Year Lyre,40,37,42,27,28
Summer Lyn,37,33,38,20,27
Surtr,50,39,17,40,33
Ninja Zihark,43,37,42,30,24
Young Minerva,40,36,37,35,19
Oboro,40,32,26,35,24
Hostile Springs Elise,34,33,37,18,22
Libra,40,35,32,28,29
Laegjarn,41,32,36,36,17
Caellach,45,40,27,31,33
Groom Hinata,47,37,27,40,21
Reyson,37,29,34,24,26
Khadein Nino,38,41,46,20,32
New Year Plumeria,41,42,17,18,39
Fomortiis,46,44,15,46,44
Saul,37,40,44,16,40
New Year Gunnthrá,38,34,37,27,26
Summer Sylvain,42,32,35,27,16
Winter Annette,43,43,23,40,41
Fallen Lyon,40,40,16,32,35
Petra,40,32,38,25,20
Larcei,41,36,40,30,25
Sheena,45,30,25,36,33
Barst,46,33,32,30,17
Tailtiu,39,32,35,17,25
Spring Sharena,37,32,36,16,30
Harmonized Mia,38,35,41,17,25
Spring Karla,40,45,47,24,22
Klein,40,31,33,20,24
Caineghis,47,37,23,37,30
Clive,45,33,25,32,19
Spring Delthea,36,43,40,16,28
Summer Ashe,40,37,41,32,18
Faye,42,30,25,26,31
Monica,40,38,43,24,31
Flame Tana,39,39,42,26,32
Catria,39,31,34,29,25
New Year Yarne,40,43,40,35,21
Halloween Timerra,37,41,46,46,23
Olwen (WT),34,30,35,19,27
Legendary Eliwood,37,36,34,33,16
Groom Rafiel,38,28,35,20,41
Selena (Fates),37,25,35,32,28
Rearmed Ingrid,38,44,47,30,25
Ascended Laegjarn,40,39,41,30,18
Halloween Robin (F),40,40,17,37,38
Summer Tiki (Young),40,33,37,32,26
Hostile Springs Sakura,36,35,32,26,21
Exalted Chrom,41,37,28,34,17
Bernadetta,38,32,38,22,26
Legendary Yuri,41,44,47,24,26
Astram,44,35,36,36,21
Shanna,39,30,35,25,29
Groom Robin,40,46,35,23,24
Silas,40,35,24,36,21
Lilith,39,36,41,27,30
Summer Tiki (Adult),35,36,30,32,24
Groom Marth,40,31,36,30,20
Young Merric,41,34,41,21,25
Lachesis,39,32,25,22,30
Sothe,39,36,33,22,21
New Year Eir,39,31,36,21,34
Dedue,50,45,17,45,28
Bridal Tharja,39,35,35,21,21
Scion Nanna,40,35,41,23,27
Ilyana,39,38,32,17,40
Shinon,40,38,42,27,24
Gwendolyn,49,30,24,38,28
Fiora,38,32,38,21,37
Itsuki,41,37,30,33,32
Legendary Elincia,40,45,47,23,34
Winter Cordelia,40,44,43,33,23
Ninja Lyn,40,38,42,21,26
Siegbert,41,34,35,31,16
Winter Ignatz,42,35,40,31,37
Hatari Xane,47,30,36,23,35
Maribelle,34,35,33,16,27
Fallen Muarim,45,43,40,31,23
Teatime Ayra,40,44,46,32,17
Myrrh,42,33,25,36,31
Ninian,42,24,33,23,27
Heath,40,35,33,33,27
Tiki (Young),41,31,30,32,29
Silvia,40,27,36,17,30
Díthorba,43,35,38,23,33
Yarne,40,35,33,32,17
Legendary Chrom,41,42,26,34,25
Tharja,39,32,34,23,20
Ascended Florina,39,37,43,22,31
Summer Mercedes,38,39,25,17,38
Perceval,38,32,37,28,27
Kronya,44,31,39,22,26
Wind Tribe Fuga,42,46,30,45,30
Iago,42,38,27,23,32
Lysithea,37,41,37,21,24
Mamori,43,37,24,42,33
Medeus,40,44,18,38,43
Summer Donnel,46,45,31,40,30
Halloween Dheginsea,45,45,14,41,39
Natasha,37,36,32,24,36
Young Marth,41,36,37,32,26
Nephenee,37,31,35,34,20
Sakura,36,28,30,24,30
Legendary Guinivere,37,39,45,16,40
Sophia,40,33,19,28,29
Bramimond,39,40,27,21,35
Bridal Sanaki,35,36,30,16,33
Riev,43,39,25,23,40
Winter Altina,42,40,18,37,39
Young Mia,40,41,43,32,27
Atlas (Unit),46,43,37,34,27
Brave Marianne,38,40,41,17,35
Spring Veronica,38,35,36,16,25
Young Eirika,40,36,43,30,28
Legendary Hinoka,40,46,46,23,22
Soiree Rinea,38,30,33,23,28
Nifl,39,38,40,27,23
Spring Fir,39,35,41,28,24
Masked Marth,43,34,36,25,19
Summer Frederick,40,32,31,28,18
Brunnya,42,35,31,21,33
Ishtar,38,34,36,17,26
Spring Est,39,38,35,17,26
Maria,36,27,34,19,32
Soren,36,33,33,17,29
Legendary Myrrh,40,39,25,42,36
Astrid,38,39,41,27,23
Vanessa,39,40,43,27,34
Brave Veronica,36,32,36,21,19
Summer Joshua,40,36,39,28,24
Ninja Navarre,41,39,42,31,23
Spring Alfonse,41,35,33,30,18
Chloé,36,38,40,28,42
Lyn (LA),37,31,36,27,34
New Year Fjorm,39,35,35,20,21
Halloween Naga,38,42,31,35,37
Rearmed Robin (F),43,41,44,35,33
Caeda,36,25,37,24,34
Hinata,47,32,24,36,18
Chrom,47,37,25,31,17
Merlinus,50,20,35,31,27
Scion Larcei,40,39,42,33,28
Bridal Juno,38,36,38,22,26
Ullr,39,42,41,30,19
Sirius (Unit),40,34,37,35,16
Summer Ephraim,41,47,16,44,31
Serra,33,30,31,21,33
Winter Fae,45,35,26,33,41
Wolf,40,39,42,28,20
Wrys,42,24,23,22,36
Ninja Shinon,40,40,43,28,26
Masquerade Ethlyn,37,36,41,16,28
Ogma,47,35,34,28,13
Winter Robin,45,35,34,35,25
Valentine's Effie,43,46,43,32,23
Arion,41,45,36,46,21
Teatime Tailtiu,39,42,44,21,31
Alear (M),40,44,45,33,25
Shannan,43,38,36,37,18
Valentian Palla,41,42,21,41,28
Altina,42,38,20,30,36
Rearmed Plumeria,40,46,18,19,45
Halloween Xane,47,30,34,25,30
Legault,39,31,38,24,19
Rearmed Líf,41,43,29,41,26
New Year Lethe,41,35,41,27,18
Zeke,40,40,15,38,35
Eirika,42,26,35,26,28
Brave Byleth (F),39,41,43,26,24
Elise,30,32,32,19,32
Valentine's Leo,37,45,31,16,45
Claude,39,33,37,20,21
Soiree Ishtar,36,34,36,16,22
Fallen Edelgard,45,42,14,44,39
Silque,39,33,23,35,31
Emmeryn,43,32,34,23,30
Eldigan,45,32,24,34,19
Kana (F),40,30,34,33,26
Summer Fjorm,43,43,46,28,28
Midori,41,41,30,34,21
Scion Leif,40,40,41,27,20
Summer Lute,37,35,34,17,32
Ninja Hana,42,36,40,28,30
Múspell,40,41,16,39,37
Peony,38,31,36,16,24
Constance,39,42,40,17,29
Legendary Ninian,44,37,41,22,24
Young Soren,36,42,34,16,43
Thief Leila,40,38,43,20,24
Young Mark,40,44,27,20,46
Winter Zephiel,48,38,19,38,36
Lethe,41,33,38,26,19
Ludveck,46,44,32,45,28
Young Innes,43,37,38,26,27
Pirate Hinoka,40,40,40,23,23
Tanith,41,36,40,32,28
Donnel,43,35,29,32,23
Narcian,42,29,29,32,26
Fallen Maria,37,44,45,16,35
Valentine's Lucina,41,39,42,37,31
Winter Lysithea,38,42,40,19,23
Ninja Laevatein,41,42,18,37,34
Corrin (M),42,32,32,28,24
Brave Hector,48,37,22,39,28
Navarre,42,31,37,23,24
Summer Gaius,34,30,37,19,28
Tsubasa,39,32,40,26,30
Picnic Felicia,43,30,37,30,35
Ingrid,37,35,40,28,27
Brave Seliph,40,43,41,37,18
Nils,45,31,35,26,25
Rath,41,33,35,23,24
Valentine's Greil,47,41,18,38,30
Linde,35,35,36,14,27
Lissa,39,26,25,28,30
Vigarde,46,47,30,44,29
Summer Shez (M),41,44,44,31,23
Adrift Corrin (F),41,31,37,32,27
Spring Bernadetta,39,43,47,20,25
Ganglöt,40,44,30,38,35
Teatime Lysithea,38,46,46,20,22
Bridal Tanith,37,34,36,33,21
Gangrel,45,32,38,24,27
Khadein Byleth (M),40,42,44,25,26
Dorothy,40,46,43,25,28
Hostile Springs Hinoka,38,35,35,16,26
Legendary Edelgard,45,42,17,39,36
Winter Eirika,42,36,23,30,34
Spring Catria,36,32,35,18,23
New Year Dagr,40,41,42,27,22
Gordin,43,31,25,32,17
Mercedes,39,33,30,22,33
Bridal Oboro,42,39,35,40,16
Bridal Sigrun,35,31,38,27,31
Summer Lyon,42,42,21,37,39
Ascended Idunn,45,43,26,43,38
Kaze,34,30,36,17,34
Brady,41,33,32,23,28
Ike,42,35,31,32,18
Roshea,41,38,35,38,21
Bridal Shanna,37,38,42,23,27
Jagen,37,27,24,25,35
Nah,44,34,25,38,32
Takumi,40,32,33,25,18
Ninja Cherche,43,44,20,44,32
Citrinne,38,46,27,22,44
Lucius,37,32,30,13,35
Summer Freyr,41,38,16,38,35
Tethys,38,27,35,23,34
Valentine's Chrom,40,44,27,40,26
Sumia,39,30,39,29,25
Mordecai,47,37,24,39,20
Benny,48,35,23,44,34
Ninja Igrene,40,43,38,22,30
Cervantes,50,45,31,44,25
Gilliam,47,44,21,48,35
New Year Takumi,40,34,34,17,27
Nemesis,43,39,23,37,34
Virion,46,31,31,26,13
Halloween Kagero,41,38,21,32,33
Spring Lucina,35,29,36,22,25
Subaki,40,25,35,35,22
Gerik,47,37,36,30,22
New Year Askr,40,42,16,42,37
Valentine's Rudolf,46,43,21,41,29
Thief Nina,38,37,43,18,32
Halloween Corrin (M),44,44,21,44,39
Altena,45,37,25,39,20
Masquerade Sigurd,38,38,18,16,37
Death Knight,40,35,25,30,27
Seiros,40,42,18,37,40
Kjelle,47,40,22,37,28
Ninja Laegjarn,40,44,19,37,38
Rearmed Chrom,41,45,46,29,18
Halloween Kurthnaga,45,39,27,36,35
Veld,43,38,26,22,36
Sharena,43,32,32,29,22
Cormag,42,36,32,34,23
Micaiah,35,35,28,18,35
Rebecca,37,29,34,21,27
Spring Narcian,43,35,34,37,18
Legendary Roy,39,34,38,32,26
Groom Roy,39,38,42,30,25
Halloween Dorcas,49,41,25,37,21
Hapi,40,42,26,16,39
Effie,50,40,22,33,23
Summer L'Arachel,37,46,44,16,30
Summer Hilda (Three Houses),39,37,40,20,25
Winter Tharja,43,34,18,34,36
Reginn,38,36,40,30,24
Winter Sephiran,43,42,21,29,40
Fallen Gustav,40,41,25,38,30
Mia,38,32,40,28,25
Bridal Ninian,34,28,33,18,27
Byleth (M),40,36,38,34,20
Spring Myrrh,40,38,25,40,35
Lukas,45,35,22,38,17
New Year Corrin (M),37,32,30,34,18
Berkut,43,34,22,31,24
Performing Azura,35,32,34,20,28
Summer Caeda,39,33,42,26,28
Halloween Myrrh,46,38,23,40,32
Fallen Corrin (M),42,38,38,33,26
Nótt,40,41,40,28,27
Ascended Fjorm,43,39,41,31,36
Summer Shamir,40,43,46,25,20
Fallen Celica,40,35,35,27,26
Triandra,38,37,38,16,22
Larum,37,32,39,18,30
Solon,45,38,20,24,38
Draug,50,30,32,39,18
Legendary Azura,33,30,35,17,24
Zephia,41,40,44,23,24
Legendary Tiki (Young),45,34,35,37,29
New Year Reginn,37,38,40,23,24
Summer Caspar,46,41,36,30,23
Dagr,41,39,41,30,25
Julian,40,38,38,33,18
Camilla,37,30,32,28,31
Summer Laevatein,38,38,16,31,26
Legendary Shez (F),40,43,44,31,25
Bridal Charlotte,46,36,32,24,19
August,40,40,17,32,43
Flame Rinkah,40,37,41,44,25
Elimine,36,34,40,16,41
Mist,39,27,28,20,34
Hoshidan Summer Xander,38,35,17,34,16
Gotoh,40,42,14,38,42
Arvis,33,34,31,17,33
Fallen Anankos,42,43,44,36,31
Karel,47,30,35,25,20
Keaton,45,41,24,38,19
Legion,46,36,35,22,18
Summer Edelgard,46,45,17,43,39
Summer Elise,34,36,34,18,25
Kana (M),40,31,33,31,29
Summer Ursula,36,36,34,16,28
Valentine Conrad,39,32,23,33,35
Halloween Jakob,42,35,23,33,32
Jamke,38,36,32,29,17
Azura (Young),36,33,29,17,25
Fallen Orson,43,38,28,36,23
Hawkeye,45,33,22,28,30
Lon'qu,45,29,39,22,22
Summer Xander,43,32,30,36,16
Felicia,34,23,37,18,35
Gatrie,47,42,17,44,35
Sonia,40,35,24,32,35
Leila,40,36,41,23,26
Sue,36,32,38,23,20
Arthur (Fates),43,32,29,30,24
Fallen Robin (M),48,40,24,35,27
Valentine's Titania,35,30,33,17,30
Forsyth,47,40,20,39,33
Cath,41,36,43,27,30
Halloween Hector,47,41,26,39,27
Hel,40,38,41,30,18
Flora,38,34,23,18,38
Hatari Nailah,40,39,43,35,25
Legendary Deirdre,40,43,32,19,43
Flame Emperor,50,40,25,37,26
Halloween Rolf,40,30,36,28,23
Conrad,40,31,22,34,35
Fjorm,39,30,31,30,34
Henry,45,23,22,32,25
Halloween Ena,44,36,23,37,36
Colm,43,36,41,24,32
Halloween Henry,36,33,34,26,36
Ophelia,38,37,33,20,23
Elice,40,41,35,27,34
Duessel,41,39,18,39,31
Thórr,40,44,19,41,34
Legendary Micaiah,38,42,31,19,41
New Year Laevatein,33,36,30,27,18
Summer Linde,33,34,35,16,26
Est,36,35,30,24,32
Setsuna,37,28,37,22,23
Spring Idunn,46,37,26,37,38
Teatime Sigurd,40,46,31,35,16
Annette,40,39,36,28,30
Plumeria,41,40,18,16,37
Raven,41,34,35,25,22
Duma,48,40,21,34,31
Yuri,40,39,43,26,29
Hector (LA),50,38,21,40,24
L'Arachel,33,33,31,17,31
Murdock,47,45,23,45,35
Gunter,43,32,24,33,18
Ross,47,38,31,32,24
Winter Jaffar,44,35,37,31,27
Wind Tribe Claude,42,44,47,24,26
Ethlyn,38,28,34,26,20
Flayn,40,39,27,21,35
Ashera,37,35,39,15,40
Sully,42,26,34,24,28
Picnic Flora,43,38,22,29,38
Brave Alm,42,38,35,37,20
Peri,35,33,33,23,30
Naesala,39,32,38,24,29
New Year Kaden,41,35,39,25,28
Flame Lyn,39,38,44,34,32
Legendary Julia,40,39,28,19,36
Legendary Ryoma,41,34,39,28,20
Reinhardt,38,32,23,27,25
Cordelia,40,35,35,22,25
Bartre,49,36,25,33,13
Legendary Alear (F),40,41,47,33,37
Halloween Mia,36,30,34,22,28
Matthew,41,25,34,30,18
Quan,44,37,29,31,16
Bridal Micaiah,39,39,20,19,38
Spring Saleh,41,37,36,26,28
Brave Roy,38,32,34,26,24
Hana,37,35,36,23,26
Salem,41,38,36,18,38
Heiðr (Unit),38,45,45,29,20
Líf,42,38,30,34,29
Soiree Berkut,41,36,23,37,24
Valentine's Lissa,42,35,25,37,40
Cyril,46,42,44,35,26
Hilda (Three Houses),43,37,37,28,23
Legendary Caeda,39,38,43,27,31
Leon,39,34,30,30,15
Forrest,39,32,26,19,35
Ylgr,38,33,38,22,20
Alm,45,33,30,28,22
Hinoka,41,35,32,25,24
Linus,42,37,33,32,19
Pirate Darros,46,36,32,37,21
Young Caeda,36,33,42,25,30
Plegian Raphael,48,42,28,38,23
Young Hector,47,45,16,47,41
Odin,43,22,32,25,25
Summer Ogma,44,38,38,35,21
Fallen Julia,39,41,24,17,40
Bridal Louise,39,31,34,17,30
Legendary Robin (M),40,45,30,31,31
Zelgius,46,36,33,38,21
Ótr,41,41,17,40,35
Fae,46,33,28,25,30
Norne,42,32,36,31,27
Scáthach,43,42,30,43,24
Gray,43,35,32,30,22
Brave Marth,41,41,43,32,25
Embla,41,43,44,31,24
Guinivere,36,35,40,16,38
Merric,43,26,32,28,19
New Year Peony,38,34,40,16,23
Saias,36,33,30,18,34
Spring Marisa,42,33,38,28,21
Winter Lissa,43,33,30,35,34
Malice,40,39,43,32,28
Amelia,47,34,34,35,23
Luthier,43,37,36,20,30
Pent,40,38,39,19,30
Cecilia,36,32,25,22,29
Guy,44,37,43,33,25
Legendary Ephraim,43,36,27,33,18
Legendary Veronica,38,42,45,19,25
Brave Lyn,35,33,35,18,28
Hoshidan Summer Elincia,34,29,35,20,21
Spring Ashe,40,43,46,32,17
Elincia,35,34,36,24,27
Rearmed Ophelia,39,44,36,25,32
Valentine Silque,40,28,22,32,29
Hilda (Genealogy),41,40,25,24,40
Arete,41,36,27,20,34
Julius,38,35,27,16,35
Legendary Celica,40,38,38,18,28
Patty,40,41,45,37,24
Young Ike,40,42,42,32,26
Phina,40,35,37,26,23
Priscilla,36,29,29,19,32
Shigure,40,33,37,27,25
Sedgar,41,36,39,27,24
Balthus,47,42,24,37,31
Brave Gatekeeper,41,37,17,40,36
Echidna,45,34,36,30,27
Mareeta,41,35,42,31,23
Ascended Fir,42,44,46,34,21
Azura,36,31,33,21,28
Ryoma,41,34,35,27,21
Legendary Eirika,38,31,39,27,21
Valentine's Alm,40,35,40,32,25
Gerome,45,38,25,34,19
Hoshidan Summer Micaiah,33,34,20,18,34
Thrasir,40,33,39,23,27
Hostile Springs Ryoma,40,35,36,28,23
Spring Michalis,43,45,32,47,17
Reinhardt (WT),40,35,23,31,28
Hans,46,45,39,35,21
Cornelia,42,46,23,26,40
Frederick,43,35,25,36,14
Mikoto,38,35,32,20,26
Summer Takumi,40,35,35,21,19
Travant,46,36,26,40,18
Winter Chrom,51,40,19,35,29
Hardin,41,41,44,32,21
Phila,38,37,42,26,40
Brave Dimitri,41,40,36,40,19
Rearmed Alcryst,39,43,46,30,24
Hubert,41,39,32,19,25
Vyland,47,41,30,36,19
Dwyer,40,37,35,25,39
Winter Sothis,44,35,41,30,35
Plegian Katarina,39,37,43,16,28
Pirate Surtr,45,45,16,44,36
Brave Robin (M),40,46,45,35,27
Jeralt,41,43,26,39,30
Ascended Hilda,42,42,43,34,26
Fallen Lilith,39,40,43,29,33
Florina,42,29,27,25,34
Lena,40,32,29,24,37
Holst,42,43,41,35,26
Bridal Anna,38,43,46,22,25
Lyon,41,34,21,26,30
Innes,35,33,34,14,31
Brave Lucina,41,34,36,27,19
Jeorge,37,32,32,24,22
Osian,42,35,36,33,27
Etie,40,45,40,30,28
Adrift Camilla,36,37,30,17,30
Valter,42,32,31,34,19
Seteth,44,36,36,32,24
Sanaki,33,37,26,17,34
Summer Seth,40,40,38,31,24
Ursula,35,29,32,19,30
New Year Selkie,35,31,39,16,40
Summer Gunnthrá,39,33,37,17,24
Nino (SF),36,33,38,17,25
Camus,42,32,33,31,17
Erinys,39,37,41,32,23
Fallen Ashnard,43,37,21,35,31
Hríd,41,37,17,36,26
Valentine's Líf,39,39,25,30,25
Halloween Corrin (F),40,42,45,36,30
Brave Ike,43,36,28,35,20
Sara,35,40,37,16,37
Leo,39,29,22,25,30
Valentine's Gustav,49,41,18,46,31
Hatari Karla,41,40,42,31,28
Apotheosis Anna,38,35,40,28,31
Bridal Nailah,40,35,41,31,25
Legendary Ike,41,36,30,35,21
Bertram,45,37,27,38,26
Nina,35,32,37,16,31
Spring Camilla,39,35,25,30,19
Deirdre,36,33,28,16,35
Summer Eirika,39,39,42,25,22
Gharnef,38,30,34,27,23
Summer Robin (F),35,32,34,28,29
Galzus,40,43,41,36,22
Summer Lorenz,45,32,31,25,29
Sylvain,40,44,35,37,23
Julia,38,35,26,17,32
Halloween Duma,47,46,19,40,43
Katarina,34,32,34,15,32
Rearmed Eitr,40,44,46,33,16
Halloween Sakura,33,32,34,14,34
Brave Tiki (Adult),40,43,27,37,41
Kempf,42,33,33,27,26
Legendary Dimitri,40,41,41,37,18
Selkie,35,29,38,19,35
Summer Ylgr,42,35,36,30,25
Byleth (F),40,34,40,33,21
Eliwood,39,31,30,23,32
Hugh,40,38,42,27,24
Legendary Xander,40,42,41,35,17
Robin (M),40,29,29,29,22
Halloween Flayn,38,46,26,18,46
Thief Rickard,38,38,42,33,25
Winter Manuela,42,37,42,38,31
Fallen Byleth (F),40,44,47,32,25
Picnic Lukas,51,37,21,42,22
Rhajat,36,35,34,21,24
Summer Lilina,35,38,25,16,35
Bridal Lilina,39,44,22,16,42
Spring Luthier,41,38,36,31,27
Young Ilyana,40,41,30,18,42
Miriel,37,37,40,25,31
Laslow,44,35,26,30,22
Summer Norne,42,37,39,31,27
Summer Selena,36,37,37,17,23
Winter Cecilia,41,35,23,30,36
Bridal Say'ri,40,44,46,28,26
Winter Dorothea,36,41,41,16,25
Legendary Hector,47,40,23,38,26
Valentine's Takumi,40,40,46,28,31
Legendary Lucina,36,34,35,25,20
Leanne,36,27,37,16,34
Spring Kagero,36,35,34,18,27
Matthis,41,43,32,38,25
Brave Soren,40,45,34,16,47
Freyja,40,38,44,24,22
Halloween L'Arachel,39,36,34,22,20
Selena (Sacred Stones),40,39,39,16,23
Geoffrey,40,46,40,29,25
Summer Nifl,39,38,43,28,26
Clair,37,26,36,24,33
Halloween Anna,40,44,47,31,27
Bridal Cecilia,40,41,25,18,38
New Year Camilla,40,33,35,31,23
Helbindi,44,35,18,35,31
Eyvel,41,33,35,38,25
Valentine's Alfonse,43,38,25,37,31
Shamir,41,40,40,25,24
Spring Chrom,43,35,32,28,20
Winter Artur,43,41,19,35,41
Volke,40,41,43,28,25
Rinkah,40,34,39,41,18
Corrin (F),41,27,34,34,21
Ced,37,35,39,19,31
Winter Bernadetta,39,36,40,19,23
Winter Hilda (Three Houses),44,39,38,37,26
Hatari Azura,37,37,39,16,23
Bridal Sophia,38,40,19,36,34
Tatiana,40,37,34,15,39
Ascended Mareeta,40,40,43,34,25
Young Eliwood,39,45,46,29,20
Brave Eliwood,40,37,35,32,18
Naga (Unit),37,30,36,33,26
Petrine,42,35,37,30,24
Summer Tana,35,33,36,20,25
Igrene,42,37,37,26,24
Halloween Sophia,37,38,23,27,42
Boey,43,29,27,32,18
Masquerade Lachesis,37,37,27,19,37
Summer Corrin (F),34,31,34,22,26
Summer Byleth (F),40,36,42,16,21
Kris (F),40,37,40,30,25
Lapis,41,41,45,29,32
Karla,42,35,40,23,22
Kris (M),40,37,40,30,25
New Year Keaton,48,41,24,43,20
Halloween Rhea,40,43,18,39,42
Bridal Catria,40,40,41,28,23
Bastian,40,44,28,20,45
Summer Ymir,38,45,18,35,41
Tanya,41,30,37,25,28
Performing Olivia,34,28,34,16,28
Fallen Ninian,45,27,40,23,36
Fallen Takumi,37,31,34,25,24
Olivia (YT),36,30,34,26,23
Bridal Fjorm,42,34,34,17,23
Brave Edelgard,46,45,16,43,35
Lewyn,38,34,37,17,25
New Year Ash,41,44,19,44,40
Performing Inigo,37,28,33,22,20
Spring Palla,38,37,34,17,29
Jorge,45,36,27,35,29
Freyr,41,46,16,41,35
Beruka,46,29,23,37,22
Jaffar,41,26,33,25,22
Dimitri,40,36,29,34,18
Rhea,40,44,16,42,46
Spring Inigo,40,38,40,22,27
Winter Felix,44,38,37,32,29
Summer Noire,36,32,36,27,20
Plegian Kris,41,37,37,31,22
Knoll,43,37,32,19,35
Orochi,40,40,24,24,37
Summer Helbindi,44,36,18,37,33
Farina,39,36,38,30,30
Valentine's Hana,40,42,46,41,27
Summer Shez (F),40,46,45,30,18
Valentine's Owain,41,38,42,31,21
Genny,32,35,25,21,34
Plegian Tharja,40,39,41,19,22
Bridal Caeda,33,29,37,19,30
Lute,33,36,32,16,34
Morgan (F),37,34,30,16,33
Nailah,40,31,37,32,23
Summer Elincia,38,36,40,25,33
Khadein Ursula,40,42,46,18,22
Anna,41,29,38,22,28
Gonzalez,50,42,35,33,21
Pirate Veronica,38,39,19,36,29
Charlotte,48,43,41,25,18
Ascended Tiki (Young),38,42,44,32,36
Spring Minerva,41,36,38,35,18
Halloween Robin (M),46,43,21,43,37
Chad,45,30,37,26,23
Brave Micaiah,36,37,28,17,37
Ferdinand,41,32,35,30,24
Lloyd,41,32,35,20,30
Fallen Linus,42,46,43,36,20
Halloween Kellam,48,46,31,48,27
Halloween Nils,44,35,41,21,35
Legendary Leif,40,38,22,29,27
Ascended Ishtar,40,41,43,17,31
Bridal Lyn,39,28,34,23,24
Gunnthrá,37,31,33,19,25
Halloween Tiki,39,39,42,32,25
Khadein Linde,37,44,45,16,27
Hatari Deen,43,36,39,27,23
Niles,37,25,34,17,34
Nyx,36,42,40,19,28
Robin (F),40,29,29,29,22
New Year Anna,40,34,40,16,37
Sigrun,37,32,36,28,34
Eir,35,32,37,14,31
Stahl,45,31,26,30,22
Winter Marth,42,36,41,30,25
Eirika (SM),36,31,35,20,22
Mila,41,37,17,40,37
Ayra,41,33,37,31,21
New Year Hríd,42,38,19,36,27
Idunn,45,35,26,39,34
Marianne,36,41,32,17,39
Valentine's Ike,45,37,38,35,19
Lilina,35,37,25,19,31
Erk,45,35,39,19,27
Teatime Ferdinand,40,42,45,1,25
Ephraim,45,35,25,32,20
Young Rebecca,39,44,45,22,33
Black Knight,48,34,34,35,18
Kiria,38,41,20,29,34
Luke,43,34,28,30,20
Saber,40,31,33,32,22
Sonya,36,33,31,15,32
Summer Freyja,40,39,43,25,20
Yen'fay,43,37,42,32,28
Valentine's Veronica,40,36,38,21,22
Ninja Haar,44,42,24,44,28
Summer Dimitri,40,42,40,35,17
Laevatein,39,37,31,34,22
Pirate Naesala,42,39,43,23,25
Summer Camilla,39,33,36,23,19
Pirate Vika,41,34,40,17,40
Lumera,43,43,43,33,25
Walhart,41,37,27,36,16
Mustafa,45,38,25,36,28
Nerþuz,40,42,47,30,20
Duo Ephraim,41,39,30,37,25
Rennac,39,37,42,34,25
